metric,value
total_bookings,5969.0
cancel_rate,0.3749371754062657
avg_lead_time,105.09113754397721
family_premium,250.30999999999995
resort_summer_conc,0.30654475457170355
